{
  "project_info": {
    "project_number": "681640630125",
    "project_id": "dailywage-4750b",
    "storage_bucket": "dailywage-4750b.firebasestorage.app"
  },
  "client": [
    {
      "client_info": {
        "mobilesdk_app_id": "1:681640630125:android:79d6eb702b64c249ad6c64",
        "android_client_info": {
          "package_name": "com.example.dailywageconnect"
        }
      },
      "oauth_client": [],
      "api_key": [
        {
          "current_key": "AIzaSyB2KcvkylDtzlv0YzGONc81ZIkY4aVGgdY"
        }
      ],
      "services": {
        "appinvite_service": {
          "other_platform_oauth_client": []
        }
      }
    }
  ],
  "configuration_version": "1"
}